0.779861569404602,0.8412702083587646,0.725197434425354,0.821483314037323,0.6816710829734802,0.805669367313385,0.6675875186920166,0.811912477016449,0.6735795736312866,0.824230432510376,0.7095059752464294,0.6706676483154297,0.6978545784950256,0.7112775444984436,0.706230878829956,0.7786391377449036,0.716541051864624,0.8351963758468628,0.7623330354690552,0.6734733581542969,0.7526589035987854,0.7774670124053955,0.7560184597969055,0.8479755520820618,0.7604734897613525,0.8934741020202637,0.8098137974739075,0.6967159509658813,0.794553816318512,0.798564076423645,0.7919741272926331,0.8607690930366516,0.7917647957801819,0.8990765810012817,0.8521975874900818,0.7271028161048889,0.8393698334693909,0.798024594783783,0.8258562684059143,0.8510053157806396,0.819148600101471,0.8816425800323486
0.7921146154403687,0.8765255808830261,0.7452093362808228,0.8240681290626526,0.7186210751533508,0.7472774386405945,0.7156376242637634,0.6756336688995361,0.726865291595459,0.6135879755020142,0.71724933385849,0.6568019390106201,0.6979514956474304,0.6558122038841248,0.705981969833374,0.7222083210945129,0.7128100395202637,0.775810718536377,0.7604272365570068,0.6486687660217285,0.751023530960083,0.674244225025177,0.7522381544113159,0.7563427686691284,0.7518717050552368,0.8192909955978394,0.8056454658508301,0.6590176224708557,0.7959309816360474,0.7021442651748657,0.7903485298156738,0.7810373306274414,0.7857946157455444,0.8388299345970154,0.8475000858306885,0.6818361282348633,0.836478590965271,0.7082425355911255,0.8234278559684753,0.7727450132369995,0.8172266483306885,0.8167619109153748
0.7957116365432739,0.8378983736038208,0.7467573285102844,0.7804832458496094,0.7178596258163452,0.7042077779769897,0.7122525572776794,0.6310163736343384,0.7208027839660645,0.5638104677200317,0.7223023176193237,0.6231161952018738,0.6947340965270996,0.6240354776382446,0.7021153569221497,0.680005669593811,0.7121890187263489,0.732718825340271,0.7629899978637695,0.6148410439491272,0.7463299036026001,0.640470027923584,0.750916600227356,0.7197064757347107,0.7561118006706238,0.7821322083473206,0.805431067943573,0.6227662563323975,0.7897805571556091,0.6556285619735718,0.7872480154037476,0.7339575886726379,0.7900722622871399,0.7933480143547058,0.8452365398406982,0.6415647864341736,0.829037606716156,0.6433824300765991,0.8188938498497009,0.7008270621299744,0.8172258138656616,0.7458594441413879
0.8100479245185852,0.7643731236457825,0.7544174194335938,0.6994877457618713,0.7188476324081421,0.6339739561080933,0.7041641473770142,0.5715840458869934,0.696241021156311,0.5154126882553101,0.7286247611045837,0.5946077108383179,0.7087569236755371,0.5531949996948242,0.7076898813247681,0.5687395334243774,0.7101571559906006,0.5940099358558655,0.7617986798286438,0.5832321047782898,0.7463868260383606,0.5481218695640564,0.7484340071678162,0.5930653810501099,0.7526032328605652,0.6374781131744385,0.7982767224311829,0.5771858096122742,0.7825141549110413,0.5508804321289062,0.7819700837135315,0.5999733209609985,0.7855410575866699,0.6450806260108948,0.8350669145584106,0.5775245428085327,0.8213281035423279,0.5433698892593384,0.8155637979507446,0.5770296454429626,0.8152152299880981,0.6110743880271912
0.8075308799743652,0.7132695913314819,0.7484584450721741,0.6598109602928162,0.7168653011322021,0.5781312584877014,0.7105324268341064,0.5017388463020325,0.7084310054779053,0.4385223388671875,0.7119737863540649,0.5301276445388794,0.6911388635635376,0.5004627704620361,0.7072018384933472,0.5306379199028015,0.7244139313697815,0.5662202835083008,0.7515638470649719,0.5114753246307373,0.7411990761756897,0.5005885362625122,0.7527688145637512,0.5662248134613037,0.759345293045044,0.619332492351532,0.7923513054847717,0.5074787139892578,0.7811353802680969,0.5061217546463013,0.7857938408851624,0.5761467814445496,0.7886983156204224,0.6264039874076843,0.8304518461227417,0.5138423442840576,0.8177982568740845,0.4987036883831024,0.8158390522003174,0.54714435338974,0.8155795931816101,0.5807933211326599
0.8025018572807312,0.6838171482086182,0.7462759613990784,0.6414505243301392,0.7126073241233826,0.558594822883606,0.7074399590492249,0.4817925989627838,0.7072906494140625,0.4179242253303528,0.7119942903518677,0.5142698884010315,0.6935660243034363,0.4739722013473511,0.7102513909339905,0.505387544631958,0.7281119227409363,0.5432342290878296,0.7518898248672485,0.4996069669723511,0.741462230682373,0.4744562804698944,0.7527883052825928,0.5489295125007629,0.7601072192192078,0.605689525604248,0.7933095693588257,0.49719035625457764,0.7801470756530762,0.482613205909729,0.7856156826019287,0.5592726469039917,0.7901738286018372,0.6114596128463745,0.8334735035896301,0.5032509565353394,0.8170733451843262,0.47710108757019043,0.813735842704773,0.5253300070762634,0.8140864968299866,0.5600311160087585
0.802490770816803,0.665698766708374,0.7478805184364319,0.6274203062057495,0.715388298034668,0.5443378686904907,0.7135545015335083,0.4666338860988617,0.7127419114112854,0.4018281102180481,0.7125116586685181,0.50212162733078,0.689256489276886,0.46287715435028076,0.7074835896492004,0.5019373297691345,0.7260116934776306,0.5476347804069519,0.7532936334609985,0.48529770970344543,0.7416511178016663,0.46714887022972107,0.7550725340843201,0.5385385751724243,0.7629117369651794,0.5940276980400085,0.7946826219558716,0.4815914034843445,0.7808822989463806,0.473232626914978,0.7875414490699768,0.5484575033187866,0.7918562293052673,0.6001347303390503,0.8343380093574524,0.4856939911842346,0.8172318935394287,0.4681154191493988,0.8167487382888794,0.5182362198829651,0.8191847801208496,0.5513247847557068
0.8034538626670837,0.6544190049171448,0.7508972883224487,0.6155729293823242,0.7181237936019897,0.5348129272460938,0.7134553790092468,0.4584081172943115,0.7092002630233765,0.3948965072631836,0.7130047082901001,0.4980500638484955,0.6875811815261841,0.46150386333465576,0.7086325287818909,0.49822720885276794,0.7277348637580872,0.5411654710769653,0.7535819411277771,0.48125725984573364,0.7403820157051086,0.4607124328613281,0.7552729845046997,0.5298973321914673,0.763241708278656,0.5836593508720398,0.7948756217956543,0.4777148365974426,0.7813007235527039,0.4656337797641754,0.7877739071846008,0.5400798320770264,0.7909968495368958,0.5922369956970215,0.8338901400566101,0.4826199412345886,0.8183891177177429,0.4593563973903656,0.8168374300003052,0.5069989562034607,0.8170965909957886,0.5405780673027039
0.8046559691429138,0.6360476016998291,0.7510508894920349,0.601189911365509,0.7181472182273865,0.522473156452179,0.7156769633293152,0.44613897800445557,0.7117902040481567,0.3846079707145691,0.7114270925521851,0.48802000284194946,0.6892399191856384,0.4457288384437561,0.7112454175949097,0.48271995782852173,0.7305305600166321,0.5240882635116577,0.7508953809738159,0.46856123208999634,0.7409375309944153,0.446137398481369,0.7568766474723816,0.5134149789810181,0.7647613286972046,0.5656352043151855,0.7908467054367065,0.46203869581222534,0.7804379463195801,0.45166242122650146,0.7887279987335205,0.5241356492042542,0.7928658723831177,0.5738738775253296,0.8289787769317627,0.46318501234054565,0.8149996995925903,0.4454582929611206,0.815695583820343,0.49381545186042786,0.8179358839988708,0.5264232158660889
0.8068971037864685,0.636175274848938,0.7528988718986511,0.5987493395805359,0.7186651229858398,0.5190139412879944,0.7144343256950378,0.4450116455554962,0.7106491923332214,0.3841540813446045,0.7163031697273254,0.48974019289016724,0.6938159465789795,0.44799739122390747,0.7148711681365967,0.48097559809684753,0.7338557839393616,0.5230573415756226,0.7554574608802795,0.47363927960395813,0.7454364895820618,0.4479232728481293,0.7611902356147766,0.5132915377616882,0.7696990966796875,0.5660075545310974,0.7954338192939758,0.46790367364883423,0.7844664454460144,0.4516344964504242,0.792434811592102,0.5231730937957764,0.7963601350784302,0.5738644599914551,0.8334409594535828,0.46934837102890015,0.8185612559318542,0.4431980848312378,0.818069577217102,0.4891285300254822,0.8189910054206848,0.5224475264549255
0.8080981373786926,0.6365199089050293,0.7560377717018127,0.5977506041526794,0.7231068015098572,0.5192866921424866,0.7181201577186584,0.4451514184474945,0.7122814059257507,0.3840412199497223,0.7201603055000305,0.48800602555274963,0.6963932514190674,0.4501357972621918,0.7174802422523499,0.48365992307662964,0.7366573214530945,0.5234972238540649,0.7588303685188293,0.47183820605278015,0.7474232912063599,0.44732117652893066,0.7625298500061035,0.512230634689331,0.7713580131530762,0.5642867088317871,0.7981363534927368,0.466665118932724,0.7863155007362366,0.4511246681213379,0.7940502166748047,0.5228179097175598,0.798408567905426,0.5737624168395996,0.8357982635498047,0.46904999017715454,0.8207747936248779,0.4445313811302185,0.8201295733451843,0.4916262924671173,0.8211010694503784,0.5260890126228333
0.8096696734428406,0.6376064419746399,0.758766233921051,0.6003434658050537,0.7265508770942688,0.5191085934638977,0.7216207385063171,0.444529265165329,0.7143871784210205,0.38390249013900757,0.7201243042945862,0.4887953996658325,0.6975890398025513,0.4510325789451599,0.7204228639602661,0.4869592487812042,0.7405492663383484,0.5278542041778564,0.759932279586792,0.4721474051475525,0.7498422861099243,0.44896233081817627,0.7668741941452026,0.5141541957855225,0.775981068611145,0.5657177567481995,0.7994221448898315,0.46642667055130005,0.7882495522499084,0.45433560013771057,0.797430157661438,0.5252233147621155,0.8020127415657043,0.5745424032211304,0.8362637162208557,0.4674984812736511,0.8219589591026306,0.44667181372642517,0.8225486278533936,0.494701623916626,0.8240580558776855,0.5274370312690735
0.8197585940361023,0.6518229842185974,0.770620584487915,0.6178621649742126,0.7375559210777283,0.5365017056465149,0.733859658241272,0.46189671754837036,0.7275367975234985,0.40048766136169434,0.7229745388031006,0.5002608299255371,0.7043056488037109,0.4656912684440613,0.729782223701477,0.5008931159973145,0.7502118349075317,0.5400292873382568,0.7633663415908813,0.4796464145183563,0.7580333352088928,0.4604130983352661,0.7768689393997192,0.528112530708313,0.7854918241500854,0.5796994566917419,0.8044599890708923,0.47223180532455444,0.8013411164283752,0.462442547082901,0.809196412563324,0.5357646942138672,0.8103080987930298,0.5862628221511841,0.8416953086853027,0.47385266423225403,0.836261510848999,0.4554978907108307,0.8375977277755737,0.5044079422950745,0.8375844955444336,0.5365694165229797
0.8205346465110779,0.6497442126274109,0.7730286717414856,0.6162540912628174,0.7408065795898438,0.5342873334884644,0.7357981204986572,0.45904412865638733,0.7298458814620972,0.3962657153606415,0.7277289032936096,0.4995224177837372,0.7073671817779541,0.46469271183013916,0.7335898280143738,0.5010262131690979,0.7552165389060974,0.5425304174423218,0.7675189971923828,0.48074328899383545,0.762650728225708,0.46277138590812683,0.782711923122406,0.5300775766372681,0.7922508120536804,0.5813388228416443,0.807787299156189,0.4745224416255951,0.8037615418434143,0.4641643762588501,0.814053475856781,0.5370879769325256,0.8173891305923462,0.5871389508247375,0.8451804518699646,0.47663503885269165,0.8381302356719971,0.4575601816177368,0.839426577091217,0.50681471824646,0.8390079140663147,0.5396988391876221
0.8204734921455383,0.6466854810714722,0.7739962339401245,0.6119454503059387,0.7423948049545288,0.5320707559585571,0.7380868792533875,0.4588165283203125,0.7336969971656799,0.39739999175071716,0.7286733984947205,0.4965204894542694,0.7099413275718689,0.46541881561279297,0.7361215949058533,0.503067135810852,0.7574851512908936,0.5444453358650208,0.7684108018875122,0.4787876307964325,0.7650189995765686,0.4632169306278229,0.78495192527771,0.5313081741333008,0.7944980263710022,0.5814869403839111,0.8087618947029114,0.47370684146881104,0.8065069317817688,0.46397948265075684,0.8158717155456543,0.53702312707901,0.8185892701148987,0.5864914655685425,0.845702588558197,0.47693297266960144,0.8403211236000061,0.457537978887558,0.8414894938468933,0.5070881843566895,0.8413962125778198,0.5395976901054382
0.8233538866043091,0.6418165564537048,0.7759925127029419,0.6068947315216064,0.7449041604995728,0.5300692319869995,0.7410658001899719,0.4565542936325073,0.7373490929603577,0.3958641290664673,0.7317461371421814,0.500072181224823,0.7132486701011658,0.46473199129104614,0.7392667531967163,0.499462753534317,0.7593759894371033,0.5391571521759033,0.7713085412979126,0.4815053343772888,0.7680953145027161,0.4618593454360962,0.7871540784835815,0.5276687741279602,0.7950199246406555,0.5770542621612549,0.8114935159683228,0.4749353229999542,0.8094130754470825,0.46409872174263,0.8183191418647766,0.5351458787918091,0.8201512098312378,0.5835031270980835,0.8485339879989624,0.4762069284915924,0.8428733944892883,0.4547685980796814,0.8449991345405579,0.5016410946846008,0.845891535282135,0.5331555604934692
0.8254037499427795,0.6382325291633606,0.7791823744773865,0.6034896969795227,0.7473486661911011,0.5281973481178284,0.7437452673912048,0.45568040013313293,0.7415859699249268,0.39483511447906494,0.7333340048789978,0.4966595470905304,0.7157281637191772,0.46505579352378845,0.7416729927062988,0.4981268644332886,0.7617524862289429,0.5366159677505493,0.7724490761756897,0.47682446241378784,0.7701698541641235,0.46125510334968567,0.7896603941917419,0.5264623761177063,0.7980057001113892,0.5767402052879333,0.8123800754547119,0.4695917069911957,0.8108590841293335,0.46311450004577637,0.8201781511306763,0.5335757732391357,0.8221842646598816,0.5824334025382996,0.8493372201919556,0.47083431482315063,0.8444799780845642,0.4549541771411896,0.8464736938476562,0.5031968951225281,0.8465191721916199,0.5352466702461243
0.8295270800590515,0.6324346661567688,0.781369686126709,0.5992222428321838,0.7505577802658081,0.5232833027839661,0.7495149970054626,0.4510839879512787,0.7507895231246948,0.39158686995506287,0.7411935329437256,0.4928794503211975,0.7242382764816284,0.4610365033149719,0.7493526339530945,0.4971157908439636,0.7687422633171082,0.5367001891136169,0.7808458209037781,0.4746871292591095,0.7767148613929749,0.4557930529117584,0.7946452498435974,0.5206759572029114,0.8029670715332031,0.5714122653007507,0.820781946182251,0.4675312340259552,0.8176996111869812,0.4569574296474457,0.8253090381622314,0.5269942283630371,0.8263831734657288,0.576592206954956,0.8571656942367554,0.4677932858467102,0.8520495891571045,0.44542521238327026,0.8527519702911377,0.491121768951416,0.8522693514823914,0.5232852101325989
0.8294650912284851,0.6320736408233643,0.7815444469451904,0.6011542677879333,0.7483590245246887,0.526164174079895,0.747392475605011,0.4540650546550751,0.7511361837387085,0.3944210112094879,0.7405805587768555,0.49152424931526184,0.7244045734405518,0.4610028862953186,0.7490876317024231,0.4927958846092224,0.7692967057228088,0.5301191210746765,0.7793063521385193,0.4723213016986847,0.778197169303894,0.4553731679916382,0.7965341806411743,0.5221318006515503,0.8038077354431152,0.572691798210144,0.8183135986328125,0.4655999541282654,0.8174209594726562,0.4578387439250946,0.8264328241348267,0.5292578935623169,0.8279180526733398,0.5775474309921265,0.854904055595398,0.4678068459033966,0.8518341779708862,0.4478808045387268,0.8523333072662354,0.4971175789833069,0.8502047061920166,0.529773473739624
0.8305437564849854,0.6321282982826233,0.7819539308547974,0.5996025800704956,0.7493122816085815,0.522770881652832,0.7479947805404663,0.4505421221256256,0.7504866719245911,0.3911885917186737,0.743141770362854,0.4898081123828888,0.7263447642326355,0.46121180057525635,0.7505806088447571,0.49372416734695435,0.7703585624694824,0.5312315225601196,0.7817944884300232,0.47172826528549194,0.7793081998825073,0.4547196924686432,0.7972559928894043,0.5206537842750549,0.8050127029418945,0.5716027021408081,0.8208032846450806,0.46543100476264954,0.8183094263076782,0.45808011293411255,0.8271878957748413,0.5282913446426392,0.8291524648666382,0.5767617225646973,0.8568785190582275,0.4677189290523529,0.8517071008682251,0.4482085108757019,0.8525999784469604,0.4966995120048523,0.8519132733345032,0.5293886661529541
0.8313342332839966,0.631182849407196,0.7845321297645569,0.6010741591453552,0.7508812546730042,0.5258274078369141,0.7489985227584839,0.45427054166793823,0.7523842453956604,0.39474761486053467,0.7440518140792847,0.48763206601142883,0.7256092429161072,0.45864951610565186,0.7497837543487549,0.4897414445877075,0.7693725228309631,0.5268815159797668,0.7821599245071411,0.4690532982349396,0.7783459424972534,0.4519581198692322,0.797441840171814,0.517613410949707,0.8054106831550598,0.5687352418899536,0.8208727836608887,0.4629899859428406,0.8183960914611816,0.45719337463378906,0.8275048732757568,0.5265122652053833,0.829509437084198,0.5743198394775391,0.8571659326553345,0.4653806984424591,0.8524492383003235,0.4479803740978241,0.8530488014221191,0.4953332543373108,0.8518620729446411,0.5270270109176636
0.8330361843109131,0.6301679015159607,0.7847888469696045,0.5992656946182251,0.7507032155990601,0.5233397483825684,0.7493600845336914,0.4506044387817383,0.7548271417617798,0.3911150097846985,0.7449933886528015,0.487124502658844,0.7276079058647156,0.4572365880012512,0.7512784004211426,0.48845571279525757,0.7709846496582031,0.5244510173797607,0.7829985618591309,0.4687236249446869,0.7796640396118164,0.45052963495254517,0.7981851696968079,0.5169556736946106,0.8067588806152344,0.5683943629264832,0.8215606212615967,0.4623435437679291,0.8195399641990662,0.45483750104904175,0.828120231628418,0.5254178047180176,0.8303104043006897,0.573854923248291,0.8577207326889038,0.46484121680259705,0.853422999382019,0.44581449031829834,0.8536862134933472,0.4942876398563385,0.8527820706367493,0.5267770886421204
0.8192797303199768,0.6260020732879639,0.77593994140625,0.5884606242179871,0.7428746223449707,0.5134676694869995,0.7382819056510925,0.445392906665802,0.742394745349884,0.385978102684021,0.7472898960113525,0.4681866466999054,0.7229865193367004,0.43970271944999695,0.7315627336502075,0.47728100419044495,0.7419339418411255,0.5164265632629395,0.7837091088294983,0.45841503143310547,0.7642678022384644,0.44266390800476074,0.7736974358558655,0.5084986090660095,0.7813308238983154,0.5543268918991089,0.8227424621582031,0.4596143066883087,0.8017470836639404,0.45162060856819153,0.8065907955169678,0.5227330923080444,0.8111972808837891,0.5679807066917419,0.8617006540298462,0.4681963622570038,0.838136613368988,0.44959789514541626,0.8347788453102112,0.4954577684402466,0.8370540738105774,0.5247524380683899
0.816138744354248,0.6244092583656311,0.772274911403656,0.5841626524925232,0.7400177121162415,0.5098575949668884,0.7361505031585693,0.4430695176124573,0.74008709192276,0.38587313890457153,0.7477371692657471,0.4613855481147766,0.7232961654663086,0.43490827083587646,0.726330041885376,0.46712878346443176,0.732951283454895,0.5037520527839661,0.7818124294281006,0.4514274597167969,0.7587956190109253,0.44019585847854614,0.7622448801994324,0.5064064860343933,0.7652896642684937,0.5579415559768677,0.8194310069084167,0.4521549940109253,0.7920478582382202,0.4495929777622223,0.7947689890861511,0.5194571614265442,0.7980570197105408,0.5683544278144836,0.8577873110771179,0.4608903229236603,0.829018235206604,0.4489235281944275,0.8248277306556702,0.4941560626029968,0.826680600643158,0.5259650945663452
0.8115935325622559,0.6225029230117798,0.7675555348396301,0.5802329778671265,0.7370867729187012,0.5061385035514832,0.7335599660873413,0.44213080406188965,0.7370438575744629,0.3863271176815033,0.7499992847442627,0.4529797434806824,0.7249119877815247,0.42888811230659485,0.720544159412384,0.4592113196849823,0.7213960886001587,0.4933725595474243,0.7824298739433289,0.4446795582771301,0.7541376948356628,0.43734923005104065,0.753068208694458,0.5020158290863037,0.7548295855522156,0.5519302487373352,0.818789005279541,0.4479409158229828,0.7849023342132568,0.449512243270874,0.7843515872955322,0.5181808471679688,0.7872063517570496,0.565670371055603,0.8567612171173096,0.4598696529865265,0.8230018019676208,0.45002681016921997,0.8175402879714966,0.4953257739543915,0.8197375535964966,0.5283539891242981
0.8095070719718933,0.6207435727119446,0.7663847208023071,0.5753226280212402,0.7380067110061646,0.499370276927948,0.7353289723396301,0.436536967754364,0.7377815246582031,0.38029035925865173,0.7537533640861511,0.445317804813385,0.7238889932632446,0.42404723167419434,0.7150023579597473,0.4565804898738861,0.7133169174194336,0.49318766593933105,0.7849538922309875,0.4379974603652954,0.7514011859893799,0.4329794943332672,0.74685138463974,0.49797818064689636,0.7490880489349365,0.5477879047393799,0.8194597363471985,0.4428297281265259,0.7799204587936401,0.44830960035324097,0.7771169543266296,0.5177447199821472,0.7816672921180725,0.5644603967666626,0.8555223941802979,0.4569632112979889,0.8160952925682068,0.4495658278465271,0.8084644675254822,0.4954204857349396,0.8114416003227234,0.52763831615448
0.7989086508750916,0.6157976388931274,0.7595351934432983,0.5670494437217712,0.7380175590515137,0.4916343688964844,0.7347751259803772,0.43056273460388184,0.7404597997665405,0.37745219469070435,0.7775583863258362,0.42450714111328125,0.7378066778182983,0.40520212054252625,0.716813325881958,0.43955719470977783,0.7082278728485107,0.4749041795730591,0.8035794496536255,0.4226818084716797,0.7451627850532532,0.42868131399154663,0.733910858631134,0.4959753453731537,0.7372725009918213,0.5405308604240417,0.8270349502563477,0.43329501152038574,0.762060284614563,0.446819007396698,0.7560073137283325,0.5147726535797119,0.7634878754615784,0.5555075407028198,0.8467559218406677,0.45362553000450134,0.7881092429161072,0.45229026675224304,0.7817166447639465,0.495099812746048,0.7901564240455627,0.5223344564437866
0.7970052361488342,0.6164933443069458,0.7583954334259033,0.5589914917945862,0.7391812801361084,0.4834369719028473,0.7372947335243225,0.4234548509120941,0.7430488467216492,0.37183478474617004,0.7841425538063049,0.4208905100822449,0.7404537796974182,0.40983548760414124,0.7185580134391785,0.43921345472335815,0.7082327008247375,0.4700733721256256,0.8080785870552063,0.41986286640167236,0.7455856800079346,0.4287378787994385,0.7333762645721436,0.4935147762298584,0.7348225712776184,0.5396510362625122,0.8295883536338806,0.43220070004463196,0.760094940662384,0.44706040620803833,0.7546153664588928,0.5105773210525513,0.7612565159797668,0.552177906036377,0.8467220067977905,0.45530766248703003,0.7836061716079712,0.4547704756259918,0.7783846259117126,0.4945133328437805,0.7869332432746887,0.5223442912101746
0.7974271774291992,0.6140241026878357,0.7582912445068359,0.5613654255867004,0.738787055015564,0.4857967495918274,0.7378828525543213,0.4242875277996063,0.744548499584198,0.37151092290878296,0.7814053297042847,0.41860511898994446,0.7375795245170593,0.41066259145736694,0.7188814282417297,0.44810938835144043,0.7099144458770752,0.48446857929229736,0.8052338361740112,0.416890412569046,0.7434653639793396,0.4285504221916199,0.7338326573371887,0.4946994483470917,0.7347226142883301,0.5410923361778259,0.8271579742431641,0.42866694927215576,0.7586431503295898,0.445852667093277,0.7561342120170593,0.5118589401245117,0.7629197835922241,0.5539304614067078,0.8449704051017761,0.45141908526420593,0.7828608155250549,0.45315030217170715,0.7810032963752747,0.49507689476013184,0.7910609841346741,0.5226353406906128
0.7971538305282593,0.6138378977775574,0.7585934400558472,0.5584086179733276,0.7417631149291992,0.48289236426353455,0.7413080334663391,0.4224550127983093,0.7449620366096497,0.3687915802001953,0.7849748730659485,0.41644179821014404,0.7383453845977783,0.4088199734687805,0.7185108065605164,0.44627732038497925,0.7092707753181458,0.48216238617897034,0.8086341023445129,0.41588860750198364,0.7445726990699768,0.42778995633125305,0.7336528301239014,0.493216872215271,0.733650803565979,0.5386378765106201,0.8294824361801147,0.4281665086746216,0.7585399746894836,0.4448517858982086,0.7551084756851196,0.510001540184021,0.7615698575973511,0.5515930652618408,0.8455917835235596,0.4509643316268921,0.7819870114326477,0.45292678475379944,0.7797811031341553,0.49380064010620117,0.7899147272109985,0.520520031452179
0.7965189218521118,0.6149595379829407,0.7572171092033386,0.5588173270225525,0.7403944134712219,0.48307210206985474,0.7407753467559814,0.42195698618888855,0.7457140684127808,0.3682359457015991,0.7847092747688293,0.4180215299129486,0.7376875281333923,0.4112178087234497,0.7178898453712463,0.4468322694301605,0.7086078524589539,0.48025181889533997,0.8085117936134338,0.41698285937309265,0.7437187433242798,0.4289858937263489,0.7335235476493835,0.49471840262413025,0.7342140674591064,0.5399624705314636,0.8296066522598267,0.4291536509990692,0.7582840919494629,0.4452134370803833,0.7549684643745422,0.5102618336677551,0.7615557312965393,0.5520073175430298,0.8458632826805115,0.4523452818393707,0.7826627492904663,0.4531067907810211,0.780298113822937,0.4937598407268524,0.7901466488838196,0.5208350419998169
0.7979028820991516,0.614167332649231,0.7588129043579102,0.5587136745452881,0.7418640851974487,0.4837028980255127,0.7416133880615234,0.42253124713897705,0.7458013296127319,0.368496835231781,0.7877575159072876,0.418468713760376,0.7394240498542786,0.41136443614959717,0.7191248536109924,0.4465704560279846,0.7094086408615112,0.4802917540073395,0.8108854293823242,0.41793185472488403,0.7457513809204102,0.42979782819747925,0.7353273630142212,0.4942130446434021,0.7355249524116516,0.5401413440704346,0.8309550285339355,0.4301604628562927,0.7598434090614319,0.4463944435119629,0.7563737630844116,0.5102486610412598,0.7626045942306519,0.5525095462799072,0.8460586667060852,0.4527873992919922,0.7835153341293335,0.45422375202178955,0.7802606225013733,0.49390682578086853,0.7892581820487976,0.5211861729621887
0.7982375621795654,0.6143342852592468,0.759533703327179,0.5599992275238037,0.7419935464859009,0.4852689504623413,0.741194486618042,0.4247732162475586,0.7463716864585876,0.3718910813331604,0.7877806425094604,0.41876837611198425,0.7390129566192627,0.41139382123947144,0.7191240787506104,0.44902488589286804,0.7101669907569885,0.4849947988986969,0.8109437227249146,0.4179266691207886,0.7451081871986389,0.4296378791332245,0.7346674799919128,0.49481210112571716,0.7350531220436096,0.5409353375434875,0.8311482071876526,0.4300982356071472,0.758949339389801,0.446307897567749,0.7554643750190735,0.5109810829162598,0.761717677116394,0.5533579587936401,0.8461114764213562,0.4529685974121094,0.7823587656021118,0.4544638693332672,0.7798045873641968,0.4946398437023163,0.7893972396850586,0.5221790671348572
0.7984327077865601,0.6137044429779053,0.7599497437477112,0.560524582862854,0.7430586218833923,0.4846266210079193,0.7431859970092773,0.42326048016548157,0.7475806474685669,0.3701164722442627,0.7862001061439514,0.4187867045402527,0.7375904321670532,0.4091903567314148,0.7173271179199219,0.4468860626220703,0.7086135149002075,0.48243117332458496,0.8097748160362244,0.4181407690048218,0.7436990141868591,0.4296347498893738,0.7337971329689026,0.49536997079849243,0.7350644469261169,0.5406466722488403,0.8301557898521423,0.4304285943508148,0.7582916021347046,0.4459807872772217,0.7549055218696594,0.5108922123908997,0.7613680362701416,0.5528246760368347,0.8455012440681458,0.4532538950443268,0.7820959091186523,0.4545254707336426,0.7794422507286072,0.49501264095306396,0.7890893220901489,0.5223163366317749
0.798046886920929,0.6141716241836548,0.7590962052345276,0.5596170425415039,0.741470456123352,0.4842833876609802,0.7408775687217712,0.4237501919269562,0.7457075119018555,0.37095677852630615,0.7855238914489746,0.4187968373298645,0.7390848398208618,0.4111335575580597,0.719123125076294,0.4472462236881256,0.7094839811325073,0.4816499352455139,0.8091245293617249,0.41798168420791626,0.7446550130844116,0.4301161468029022,0.7345152497291565,0.495419979095459,0.7351536154747009,0.5410502552986145,0.829851508140564,0.43014854192733765,0.7587344646453857,0.4466654360294342,0.7553905844688416,0.511178195476532,0.761856198310852,0.5529043674468994,0.8458883762359619,0.45300766825675964,0.7827398180961609,0.45410433411598206,0.7798320651054382,0.4946528375148773,0.7892309427261353,0.5220748782157898
0.798500657081604,0.6113436222076416,0.7585618495941162,0.5628015398979187,0.737712562084198,0.48733046650886536,0.7368363738059998,0.4258195459842682,0.7421611547470093,0.37296053767204285,0.7744494080543518,0.42283058166503906,0.7367327213287354,0.4145907759666443,0.7196130752563477,0.4475920796394348,0.7091848254203796,0.4800044894218445,0.799577534198761,0.4198072552680969,0.7446460723876953,0.42995473742485046,0.7369747161865234,0.49529603123664856,0.737725555896759,0.5415397882461548,0.8237155675888062,0.42956897616386414,0.7616955637931824,0.4465412199497223,0.7612662315368652,0.5126667022705078,0.7676807641983032,0.5551429986953735,0.8454917073249817,0.44942450523376465,0.7873806953430176,0.4524725079536438,0.7865685224533081,0.4951013922691345,0.7961902618408203,0.5225808024406433
0.7945712208747864,0.6094509363174438,0.7554981112480164,0.5610135197639465,0.7369648814201355,0.4845569431781769,0.7376425862312317,0.4234589636325836,0.7413198947906494,0.3697436451911926,0.770908772945404,0.4217253625392914,0.7334259748458862,0.41422319412231445,0.7171332836151123,0.450298011302948,0.7089071273803711,0.4842275083065033,0.7971534132957458,0.41898611187934875,0.7458730936050415,0.4316147267818451,0.7383816838264465,0.49581292271614075,0.7394071221351624,0.540648341178894,0.8222741484642029,0.4286455810070038,0.763927161693573,0.4477443993091583,0.7628051042556763,0.5125364065170288,0.7690759301185608,0.5541641116142273,0.8456079363822937,0.44794613122940063,0.7906166911125183,0.4512271583080292,0.7881022691726685,0.4929068982601166,0.7963079214096069,0.5199622511863708
0.7999271750450134,0.6096985340118408,0.760291576385498,0.5657594799995422,0.7370773553848267,0.48985597491264343,0.7368810176849365,0.4267456531524658,0.7412137985229492,0.3731955885887146,0.7567412257194519,0.4325926601886749,0.7210046052932739,0.41755610704421997,0.7100282311439514,0.4544801115989685,0.7076725959777832,0.49057668447494507,0.7844386100769043,0.4275873601436615,0.7428120374679565,0.4294949173927307,0.7398605942726135,0.49275219440460205,0.743588924407959,0.5392933487892151,0.8136901259422302,0.43264663219451904,0.7656106948852539,0.44705814123153687,0.7668009400367737,0.5140719413757324,0.7735856175422668,0.5580214262008667,0.843719482421875,0.44647547602653503,0.7954394221305847,0.448830783367157,0.7942068576812744,0.49467092752456665,0.802705705165863,0.5239700675010681
0.8106862902641296,0.6175432801246643,0.7641721367835999,0.5755760669708252,0.7305722236633301,0.5039114952087402,0.7253808379173279,0.43950679898262024,0.7270511984825134,0.38466644287109375,0.7362208366394043,0.4615100026130676,0.7084829807281494,0.4369729161262512,0.713322639465332,0.47282543778419495,0.7206900119781494,0.5106098651885986,0.7695989608764648,0.4523945152759552,0.7428001165390015,0.4389646053314209,0.7529025673866272,0.5033462047576904,0.7614310383796692,0.5526885986328125,0.8056456446647644,0.450569212436676,0.7770916819572449,0.444732129573822,0.7849438190460205,0.5133318305015564,0.7915602326393127,0.5617063045501709,0.8421198725700378,0.45437753200531006,0.8114156126976013,0.44033747911453247,0.8113046288490295,0.48696741461753845,0.8166882991790771,0.5194823145866394
0.8158177733421326,0.6166610717773438,0.7683418989181519,0.5787275433540344,0.7327380180358887,0.5066002607345581,0.725672721862793,0.4389670193195343,0.7264009118080139,0.38085857033729553,0.7342212796211243,0.4656270444393158,0.7039303183555603,0.44168731570243835,0.7168136239051819,0.47786641120910645,0.7311121225357056,0.5171042680740356,0.7683464884757996,0.45257624983787537,0.7450364828109741,0.44344136118888855,0.75827956199646,0.5056962370872498,0.7672146558761597,0.5541573762893677,0.8055562973022461,0.44882795214653015,0.7811614274978638,0.44612622261047363,0.7896099090576172,0.5141838788986206,0.7950103282928467,0.5628856420516968,0.842205286026001,0.4517515301704407,0.8153548240661621,0.44123604893684387,0.8156333565711975,0.48903346061706543,0.819438636302948,0.5226788520812988
0.8183887004852295,0.6196478605270386,0.7693392038345337,0.5833531618118286,0.7345367074012756,0.5100554823875427,0.7279120683670044,0.44198328256607056,0.7266431450843811,0.38306477665901184,0.7321776151657104,0.4717795252799988,0.7050396800041199,0.4468555748462677,0.722754716873169,0.4836702346801758,0.739783525466919,0.5236631035804749,0.7688958048820496,0.4563380479812622,0.7521176934242249,0.4461517035961151,0.7665814161300659,0.5094993710517883,0.776244580745697,0.5588745474815369,0.8071799874305725,0.451791912317276,0.789954662322998,0.4492984116077423,0.798054575920105,0.5186220407485962,0.8031345009803772,0.5679429173469543,0.843543529510498,0.455179899930954,0.8231588006019592,0.4432036578655243,0.824684739112854,0.49213945865631104,0.8289549946784973,0.5260044932365417
0.8181564807891846,0.6201444864273071,0.7692999243736267,0.5849772095680237,0.7349728941917419,0.5111596584320068,0.7289975881576538,0.44250670075416565,0.7290217876434326,0.3837450444698334,0.7329856157302856,0.4716140627861023,0.7066941261291504,0.4470573663711548,0.7267903089523315,0.4851302206516266,0.7454435229301453,0.5259019732475281,0.7701961994171143,0.45557525753974915,0.7548017501831055,0.4465087056159973,0.7700843811035156,0.5105746984481812,0.779934287071228,0.5589358806610107,0.8083981275558472,0.45131629705429077,0.7925575375556946,0.4493703544139862,0.8009240627288818,0.5195296406745911,0.8059317469596863,0.5679259300231934,0.8444304466247559,0.4549499452114105,0.8258600831031799,0.4439735412597656,0.8271369338035583,0.49306073784828186,0.8308539390563965,0.5253226161003113
0.8178383708000183,0.6187480092048645,0.7702757120132446,0.5848550796508789,0.7369864583015442,0.51076340675354,0.7321361899375916,0.44282230734825134,0.7328033447265625,0.3844088315963745,0.7321036458015442,0.4690403640270233,0.7077741026878357,0.44611772894859314,0.7287633419036865,0.4851093292236328,0.7467137575149536,0.5262566208839417,0.7700199484825134,0.4523966908454895,0.7567818760871887,0.44681814312934875,0.771475076675415,0.5111483931541443,0.7796000242233276,0.5590473413467407,0.8087043166160583,0.44812512397766113,0.7952098846435547,0.45057088136672974,0.8020815253257751,0.5204329490661621,0.8050270676612854,0.5686816573143005,0.8446435928344727,0.4520716071128845,0.8294002413749695,0.44618141651153564,0.8296679854393005,0.4948231875896454,0.8315163254737854,0.5261828303337097
0.820277988910675,0.618069589138031,0.7718194723129272,0.5827840566635132,0.7386029362678528,0.5098220705986023,0.733911395072937,0.44211292266845703,0.7350795865058899,0.3841700553894043,0.7338268160820007,0.47072434425354004,0.7103120684623718,0.4479354918003082,0.7316057085990906,0.4844278395175934,0.7496939301490784,0.5238068699836731,0.7720241546630859,0.45422232151031494,0.7603744864463806,0.4463188052177429,0.7752280831336975,0.5095782279968262,0.7830880880355835,0.5575108528137207,0.8105634450912476,0.44971364736557007,0.7983596324920654,0.4499271810054779,0.8052119016647339,0.5184820294380188,0.8079557418823242,0.5658155679702759,0.8461669087409973,0.4533633291721344,0.8316722512245178,0.445442259311676,0.8324577808380127,0.49347513914108276,0.8344737887382507,0.5243917107582092
0.8197363615036011,0.6168494820594788,0.7718090415000916,0.5826354026794434,0.7392386198043823,0.5092135667800903,0.7348939180374146,0.44117727875709534,0.7373904585838318,0.38340893387794495,0.7343204617500305,0.46654212474823,0.7119721174240112,0.4462609589099884,0.7334592342376709,0.48410698771476746,0.7510426044464111,0.5249486565589905,0.7724303007125854,0.4486149251461029,0.7620216608047485,0.4476940631866455,0.7765558362007141,0.5110930800437927,0.7835178375244141,0.5590782165527344,0.8112419843673706,0.4443860352039337,0.7997616529464722,0.45051276683807373,0.8065671920776367,0.5194270610809326,0.8087613582611084,0.56714928150177,0.8470518589019775,0.4490559697151184,0.833509624004364,0.44430869817733765,0.8335297703742981,0.4918462336063385,0.8343620300292969,0.5222480297088623
0.8213237524032593,0.6131851077079773,0.7756215333938599,0.5819291472434998,0.7451669573783875,0.510311484336853,0.7435095906257629,0.44385355710983276,0.7440226674079895,0.3875671625137329,0.7330242991447449,0.47523173689842224,0.718131422996521,0.4504261910915375,0.7408673763275146,0.4818161427974701,0.7597953081130981,0.5191468596458435,0.7696704268455505,0.4549787938594818,0.7692916989326477,0.4488912522792816,0.787197470664978,0.510875940322876,0.7954426407814026,0.5601702332496643,0.8076754808425903,0.44706201553344727,0.8076660633087158,0.451755166053772,0.8163326382637024,0.5177270770072937,0.8184279799461365,0.563663899898529,0.8428527116775513,0.4480767548084259,0.8388460278511047,0.4396848976612091,0.8407564163208008,0.48503080010414124,0.8413125276565552,0.5148038864135742
0.8189003467559814,0.6102373003959656,0.7738097310066223,0.5821337699890137,0.7421185970306396,0.509323000907898,0.7403334975242615,0.44215449690818787,0.743100106716156,0.3861430585384369,0.7330138683319092,0.47124412655830383,0.718387246131897,0.4513115882873535,0.7405489087104797,0.48285675048828125,0.7597291469573975,0.5191618800163269,0.7692456841468811,0.4503854215145111,0.7686657309532166,0.4510820508003235,0.7865590453147888,0.5129349231719971,0.7954439520835876,0.5594624280929565,0.8069360852241516,0.4428725242614746,0.8057200908660889,0.4529707729816437,0.8153292536735535,0.5185508131980896,0.8182659149169922,0.5625252723693848,0.8422541618347168,0.44423726201057434,0.8375540375709534,0.43887996673583984,0.8396515846252441,0.4854350984096527,0.8397559523582458,0.5144148468971252
0.8179242610931396,0.6079508066177368,0.7715458273887634,0.5818295478820801,0.7431674003601074,0.5080525875091553,0.7452711462974548,0.43999624252319336,0.7495319843292236,0.384926438331604,0.7346948385238647,0.4721459150314331,0.7259976863861084,0.4513627886772156,0.7477452754974365,0.47942468523979187,0.7649134397506714,0.514593243598938,0.7699120044708252,0.45194268226623535,0.7766767144203186,0.45107561349868774,0.7925899624824524,0.5114356875419617,0.7985832095146179,0.5625033378601074,0.8066752552986145,0.4433614909648895,0.8126441240310669,0.45445698499679565,0.81914222240448,0.518344521522522,0.8186594843864441,0.5651520490646362,0.840668797492981,0.4441301226615906,0.8426826596260071,0.43994736671447754,0.8435293436050415,0.4865390360355377,0.8415282964706421,0.5187680125236511
0.8147609233856201,0.6034743785858154,0.7706758975982666,0.582665205001831,0.7445201873779297,0.5121622085571289,0.7508118152618408,0.44483011960983276,0.7628037929534912,0.3923352360725403,0.7386375665664673,0.46966031193733215,0.7344676852226257,0.45266544818878174,0.7576638460159302,0.48841509222984314,0.774021565914154,0.5231743454933167,0.7725370526313782,0.4542607367038727,0.7807807326316833,0.4480733275413513,0.799945056438446,0.5100951194763184,0.8058698773384094,0.5574573278427124,0.8072991371154785,0.4479164779186249,0.8164834380149841,0.45753514766693115,0.8246970772743225,0.5213727951049805,0.8227362036705017,0.564655065536499,0.8402592539787292,0.45036065578460693,0.8462415933609009,0.444523423910141,0.846963107585907,0.49131226539611816,0.842383861541748,0.5218865871429443
0.8151609897613525,0.6028430461883545,0.7786410450935364,0.5869182348251343,0.7574368119239807,0.522549569606781,0.7612580060958862,0.4580226540565491,0.7724020481109619,0.4074786901473999,0.7386689186096191,0.466804176568985,0.7467292547225952,0.4567314684391022,0.7724030613899231,0.5022382736206055,0.7831582427024841,0.54314124584198,0.7706199884414673,0.44745123386383057,0.780927300453186,0.4394438862800598,0.7997607588768005,0.5020039081573486,0.8023077845573425,0.5453692674636841,0.805145263671875,0.43868303298950195,0.8245500922203064,0.4533744752407074,0.8303388953208923,0.5211523175239563,0.8227350115776062,0.5635926723480225,0.836802065372467,0.4420701265335083,0.8553497195243835,0.44708532094955444,0.855679988861084,0.4974749684333801,0.8459616303443909,0.5282104015350342
0.8125853538513184,0.5937612056732178,0.7789040803909302,0.5925012826919556,0.7529619932174683,0.5588738918304443,0.7653224468231201,0.5163080096244812,0.7920801043510437,0.4853120446205139,0.7335238456726074,0.47667357325553894,0.750037670135498,0.46844932436943054,0.7784904837608337,0.5062656402587891,0.7940034866333008,0.5433347821235657,0.7672607898712158,0.4461284875869751,0.7745546698570251,0.43092092871665955,0.7874800562858582,0.45789316296577454,0.7913092374801636,0.47818562388420105,0.8013696074485779,0.4344232976436615,0.824519157409668,0.45608025789260864,0.8301728367805481,0.5241266489028931,0.8219858407974243,0.5669113993644714,0.8344152569770813,0.43603119254112244,0.8533644080162048,0.45952117443084717,0.8520029783248901,0.5142158269882202,0.8410411477088928,0.5478335618972778
0.8135825395584106,0.5940179824829102,0.7815589308738708,0.5915230512619019,0.7543531656265259,0.5609208941459656,0.7610571980476379,0.5290292501449585,0.7805211544036865,0.5063077211380005,0.7347090840339661,0.4680786728858948,0.7518012523651123,0.4652005136013031,0.7822608947753906,0.5104299187660217,0.7978809475898743,0.5466367602348328,0.7683595418930054,0.4402109384536743,0.780401885509491,0.430780827999115,0.7988337278366089,0.48221784830093384,0.8040827512741089,0.5138669013977051,0.8018313050270081,0.4309261739253998,0.8267432451248169,0.448947012424469,0.8348288536071777,0.5221229791641235,0.8280148506164551,0.5643147826194763,0.83316570520401,0.4357694685459137,0.8552387356758118,0.45641976594924927,0.8536614179611206,0.5111474990844727,0.8415032029151917,0.5419784188270569
0.8120492696762085,0.5905962586402893,0.7813542485237122,0.5894525051116943,0.7561473846435547,0.5657179951667786,0.7622874975204468,0.5343820452690125,0.7808571457862854,0.5093019008636475,0.730263888835907,0.4710777997970581,0.7510532736778259,0.46656668186187744,0.7807412147521973,0.5117186307907104,0.7955588102340698,0.5503722429275513,0.7633619904518127,0.4411616623401642,0.7736536264419556,0.42968031764030457,0.7911692261695862,0.4745652675628662,0.7967444658279419,0.5056917667388916,0.7968188524246216,0.42891478538513184,0.823732852935791,0.44735458493232727,0.8330801129341125,0.5190475583076477,0.8263553977012634,0.5629684925079346,0.8296492099761963,0.4312579333782196,0.8523167371749878,0.4520713686943054,0.8532472252845764,0.5076402425765991,0.8425285220146179,0.5420164465904236
0.812454879283905,0.5854204893112183,0.7770874500274658,0.5804008841514587,0.7520850896835327,0.5363033413887024,0.7653035521507263,0.4973168671131134,0.7909388542175293,0.47097542881965637,0.7352672815322876,0.4713174104690552,0.7491629719734192,0.4595854878425598,0.7810947895050049,0.4946913719177246,0.8012229800224304,0.5310846567153931,0.7679967284202576,0.44124725461006165,0.7740346789360046,0.4187552332878113,0.781251072883606,0.4148942828178406,0.783103883266449,0.4100128710269928,0.8012269139289856,0.42950156331062317,0.821662187576294,0.44485780596733093,0.8261857032775879,0.5125876069068909,0.8198785185813904,0.5587465763092041,0.8351387977600098,0.4300360381603241,0.8503232002258301,0.44939082860946655,0.8479258418083191,0.5044376254081726,0.8379755616188049,0.5403968095779419
0.814413845539093,0.585055947303772,0.7794986367225647,0.5815880298614502,0.7542262077331543,0.5471768975257874,0.7664663195610046,0.5108391046524048,0.78992760181427,0.4895327687263489,0.7331973314285278,0.4693848490715027,0.7517723441123962,0.4599460959434509,0.7821870446205139,0.4941580891609192,0.7987644076347351,0.5278600454330444,0.7649139165878296,0.4375807046890259,0.7726154923439026,0.41726717352867126,0.7824723124504089,0.4325546324253082,0.7838174700737,0.4436627924442291,0.7977253794670105,0.42513588070869446,0.8239861130714417,0.43997716903686523,0.8315354585647583,0.5082730650901794,0.8253519535064697,0.5521222949028015,0.8306114673614502,0.42733991146087646,0.851712703704834,0.4445458650588989,0.8511354923248291,0.49747341871261597,0.8406573534011841,0.5312962532043457
0.812778115272522,0.5836910009384155,0.7805222868919373,0.5803028345108032,0.7580131888389587,0.5411639213562012,0.771723747253418,0.49861904978752136,0.7927948832511902,0.4692350924015045,0.7324093580245972,0.46366989612579346,0.7488391399383545,0.45327258110046387,0.7802187204360962,0.49179014563560486,0.7977814078330994,0.5283679962158203,0.7647393345832825,0.43363142013549805,0.7718955278396606,0.41455885767936707,0.7871109247207642,0.4453836679458618,0.7918646335601807,0.46726876497268677,0.7983869314193726,0.4222211241722107,0.8235369920730591,0.43743324279785156,0.8309746980667114,0.5063096284866333,0.8240105509757996,0.548484206199646,0.8311884999275208,0.42573171854019165,0.8521043658256531,0.4423341155052185,0.8506461381912231,0.4952293634414673,0.8390108346939087,0.5276539325714111
0.8120270371437073,0.5820319056510925,0.7788064479827881,0.5738533139228821,0.7576131820678711,0.5358927845954895,0.7697362899780273,0.4907262325286865,0.7887606620788574,0.45648956298828125,0.7293503284454346,0.45799723267555237,0.7559698820114136,0.45214393734931946,0.7854986786842346,0.4943864047527313,0.7988176345825195,0.5314878821372986,0.7611743807792664,0.430482417345047,0.7884838581085205,0.42539653182029724,0.8098822236061096,0.48618897795677185,0.8118698000907898,0.5276715159416199,0.7954074740409851,0.419172465801239,0.8289213180541992,0.4376612603664398,0.8375458121299744,0.5068426132202148,0.8294631838798523,0.5478793382644653,0.8269610404968262,0.4222169816493988,0.854170560836792,0.43838760256767273,0.8546819090843201,0.4903560280799866,0.8433095812797546,0.5215226411819458
0.8075492978096008,0.5783311128616333,0.7755773067474365,0.5744762420654297,0.752977728843689,0.5476147532463074,0.7675418853759766,0.5191057324409485,0.793076753616333,0.49940282106399536,0.7304695248603821,0.4613931477069855,0.7493579983711243,0.4563792943954468,0.7806359529495239,0.49876275658607483,0.7981255054473877,0.5347866415977478,0.7636467218399048,0.43160203099250793,0.7720287442207336,0.4185669422149658,0.7876166105270386,0.45843178033828735,0.792083203792572,0.4863562285900116,0.7965824604034424,0.4199654757976532,0.8221372961997986,0.43772315979003906,0.8309622406959534,0.507784366607666,0.8239596486091614,0.5509215593338013,0.8284267783164978,0.4222669005393982,0.8504067063331604,0.445284903049469,0.8496577739715576,0.5002396702766418,0.8376405835151672,0.5340089797973633
0.8113092184066772,0.5820065140724182,0.774456799030304,0.5759308934211731,0.748311460018158,0.5278763771057129,0.7577953338623047,0.481738418340683,0.777859628200531,0.4515291750431061,0.7318252325057983,0.46756869554519653,0.7378289103507996,0.4628087282180786,0.7658387422561646,0.49794888496398926,0.7849814295768738,0.5263305902481079,0.7617789506912231,0.441165953874588,0.7622336149215698,0.42009225487709045,0.7687351703643799,0.41356730461120605,0.7711192965507507,0.40070122480392456,0.7945025563240051,0.43022486567497253,0.8101739287376404,0.43991079926490784,0.8167742490768433,0.5062105655670166,0.8142458200454712,0.5492902994155884,0.8284143805503845,0.43058544397354126,0.8410518169403076,0.4378093481063843,0.8406758308410645,0.49030160903930664,0.833860456943512,0.5234227180480957
0.8110575675964355,0.5895290374755859,0.7737635970115662,0.5778506994247437,0.7479885816574097,0.5159630179405212,0.7536638379096985,0.45390886068344116,0.7683098912239075,0.40571025013923645,0.7335267066955566,0.46700185537338257,0.733974039554596,0.46463513374328613,0.762392520904541,0.5023013949394226,0.7824918627738953,0.53353351354599,0.7633046507835388,0.4459895193576813,0.761272668838501,0.43396270275115967,0.7727698683738708,0.4680202901363373,0.7755308151245117,0.4860111176967621,0.7953760623931885,0.4355699121952057,0.8105990290641785,0.44261878728866577,0.8181146383285522,0.5099436044692993,0.8136304616928101,0.5493994355201721,0.8274326324462891,0.43627041578292847,0.8409437537193298,0.43791428208351135,0.8413740992546082,0.48832082748413086,0.8341816067695618,0.5164679288864136
0.8114432692527771,0.587142288684845,0.7718297839164734,0.5781541466712952,0.7435879707336426,0.5201472640037537,0.7445035576820374,0.46227702498435974,0.7573212385177612,0.41601258516311646,0.7316220998764038,0.47606202960014343,0.7258932590484619,0.4682076573371887,0.7510014772415161,0.49822357296943665,0.7685220837593079,0.5287793874740601,0.7606126666069031,0.4535703659057617,0.7495836019515991,0.43163982033729553,0.7542312741279602,0.44423168897628784,0.7541760206222534,0.45438846945762634,0.7926084399223328,0.4419737756252289,0.7973431944847107,0.44654205441474915,0.807030439376831,0.5091380476951599,0.8081644773483276,0.5495836138725281,0.8271127939224243,0.4410145580768585,0.8313957452774048,0.4374702572822571,0.8325673937797546,0.48460933566093445,0.8295730948448181,0.5141260623931885
0.8093389868736267,0.5904169678688049,0.7669804096221924,0.5786010026931763,0.7359595894813538,0.5165053009986877,0.7387497425079346,0.4576754570007324,0.7511929869651794,0.4114125072956085,0.7283475399017334,0.4681302607059479,0.72359299659729,0.45532312989234924,0.7476601600646973,0.48389753699302673,0.76649010181427,0.5154432058334351,0.7595541477203369,0.4470452666282654,0.7688485980033875,0.4481211006641388,0.7888245582580566,0.50745689868927,0.7957466840744019,0.5512775778770447,0.7934649586677551,0.4374813437461853,0.8035776019096375,0.45131346583366394,0.8136270642280579,0.512948751449585,0.8130075335502625,0.5529358983039856,0.8257653713226318,0.43691906332969666,0.832558810710907,0.4368079900741577,0.834659993648529,0.48213672637939453,0.8308981657028198,0.5094058513641357
0.8096660375595093,0.589043915271759,0.7680612206459045,0.5789175629615784,0.7356650233268738,0.5186035633087158,0.7347608208656311,0.4583430290222168,0.7451009750366211,0.41058048605918884,0.7265633344650269,0.46590757369995117,0.7200925350189209,0.4505138397216797,0.7399477362632751,0.4711451232433319,0.7563714385032654,0.49546700716018677,0.7567746043205261,0.4423556625843048,0.7670858502388,0.44702404737472534,0.7852734327316284,0.5080670714378357,0.7918899655342102,0.5529795289039612,0.7902127504348755,0.4333983063697815,0.8020334243774414,0.4508100152015686,0.8110060095787048,0.5144383311271667,0.8111637830734253,0.5560111999511719,0.8217664957046509,0.4337901473045349,0.8299016356468201,0.4362221360206604,0.8321073055267334,0.48339560627937317,0.8289907574653625,0.5119457244873047
0.8027481436729431,0.5962661504745483,0.7641512155532837,0.5860512852668762,0.7301027774810791,0.5249620079994202,0.7274048924446106,0.4646245241165161,0.735587477684021,0.41754257678985596,0.7200358510017395,0.473560094833374,0.7107800841331482,0.44818300008773804,0.7318698763847351,0.47856810688972473,0.7482919692993164,0.5124775171279907,0.7535915374755859,0.4545130431652069,0.7544071674346924,0.44145703315734863,0.7727364301681519,0.5029658675193787,0.778965175151825,0.5461751818656921,0.7888984680175781,0.44819021224975586,0.7902647852897644,0.4449911117553711,0.8004096150398254,0.512427568435669,0.8012197017669678,0.5564801096916199,0.8226601481437683,0.450417160987854,0.8214529752731323,0.438659131526947,0.8231161832809448,0.4866122305393219,0.8207836151123047,0.5171529650688171
0.8061761260032654,0.6019190549850464,0.7601800560951233,0.5867908596992493,0.726438045501709,0.5196340680122375,0.7243776321411133,0.4573933482170105,0.7285888195037842,0.4093359112739563,0.7231755256652832,0.4787845313549042,0.7105411887168884,0.44962915778160095,0.7287911176681519,0.47287270426750183,0.7445974946022034,0.5022768974304199,0.757644534111023,0.4610164165496826,0.7536633014678955,0.4412876069545746,0.7710267901420593,0.5032607913017273,0.7803040742874146,0.5509698390960693,0.7925799489021301,0.4547421932220459,0.7902097702026367,0.4477298855781555,0.7995088696479797,0.5134640336036682,0.8018136620521545,0.558850109577179,0.8245117664337158,0.4565562307834625,0.8199924826622009,0.4393278956413269,0.8223399519920349,0.48533037304878235,0.82197505235672,0.5161599516868591
0.805878221988678,0.6045396327972412,0.7591983675956726,0.5854465365409851,0.7261717319488525,0.5166708827018738,0.7242202758789062,0.45266932249069214,0.7279365658760071,0.4036898910999298,0.7243400812149048,0.48095405101776123,0.7098226547241211,0.4469364583492279,0.7294498085975647,0.47690320014953613,0.7462098598480225,0.5110046863555908,0.7585858106613159,0.465279757976532,0.7529923319816589,0.43936145305633545,0.7705309987068176,0.5012021064758301,0.7806472182273865,0.5471771359443665,0.7931201457977295,0.46023043990135193,0.7892158627510071,0.4459856450557709,0.798608660697937,0.5119303464889526,0.8021520376205444,0.55631422996521,0.8251073360443115,0.46264633536338806,0.8188231587409973,0.4397405982017517,0.8203659057617188,0.4846862852573395,0.8210465908050537,0.5152992606163025
0.807293713092804,0.6064903140068054,0.7602185010910034,0.5852023363113403,0.727535605430603,0.5140253901481628,0.7250493764877319,0.4478840231895447,0.7255285382270813,0.39667850732803345,0.7244232892990112,0.48134443163871765,0.7092324495315552,0.4453454613685608,0.7290527820587158,0.47638198733329773,0.7463765144348145,0.5122931003570557,0.7590662837028503,0.46566563844680786,0.7539346218109131,0.44031423330307007,0.7710858583450317,0.5016154646873474,0.7809532284736633,0.5477336049079895,0.7936820983886719,0.4602055549621582,0.7898074388504028,0.4448445439338684,0.798758864402771,0.5110920667648315,0.8024340271949768,0.5559382438659668,0.8259575366973877,0.4618813097476959,0.8191623687744141,0.4393104016780853,0.8204790353775024,0.48466238379478455,0.8213128447532654,0.51511150598526
0.8080055117607117,0.6124436259269714,0.7598583102226257,0.5849660038948059,0.7270745038986206,0.5146223902702332,0.7210451364517212,0.446114182472229,0.7140403985977173,0.3926098048686981,0.7240535020828247,0.48656150698661804,0.7024596333503723,0.44503527879714966,0.7205504179000854,0.4728979170322418,0.7376114726066589,0.50688236951828,0.7582983374595642,0.47245708107948303,0.7467383146286011,0.43964946269989014,0.7615184783935547,0.49768465757369995,0.7720243334770203,0.543677806854248,0.7937260866165161,0.4681435525417328,0.7830671072006226,0.446245938539505,0.7915500402450562,0.5109208226203918,0.7981119155883789,0.5569533109664917,0.8281018733978271,0.4701908230781555,0.8149403929710388,0.44050902128219604,0.8142140507698059,0.48273763060569763,0.815915584564209,0.5154678225517273
0.8084493279457092,0.6168324947357178,0.759064793586731,0.5870384573936462,0.7269527316093445,0.5144640803337097,0.7215189933776855,0.445218950510025,0.7113244533538818,0.3908413052558899,0.7255094647407532,0.48670655488967896,0.7022008895874023,0.44465214014053345,0.7197116017341614,0.4730789065361023,0.7376382946968079,0.5084131956100464,0.7595981359481812,0.4734096825122833,0.7477579116821289,0.4409785568714142,0.7616780996322632,0.497988760471344,0.7718631029129028,0.5443877577781677,0.7946866154670715,0.4696369171142578,0.7837510704994202,0.4471583664417267,0.7911373376846313,0.5108276605606079,0.7975004315376282,0.556326687335968,0.8294814229011536,0.4719269871711731,0.815351665019989,0.4413469433784485,0.8133342862129211,0.48245948553085327,0.8143494725227356,0.5148733258247375
0.8087917566299438,0.6186310648918152,0.7587011456489563,0.5884721279144287,0.7267301082611084,0.5145354866981506,0.7213441729545593,0.44366255402565,0.7100408673286438,0.38846179842948914,0.7256326079368591,0.4883274734020233,0.7018954157829285,0.4459502696990967,0.7195692658424377,0.4745338559150696,0.7379518747329712,0.5093550086021423,0.7597824931144714,0.47505027055740356,0.7479919195175171,0.44207075238227844,0.7622470259666443,0.4996172785758972,0.7725739479064941,0.5461668372154236,0.794910192489624,0.4709375500679016,0.7837371826171875,0.44781258702278137,0.7915138602256775,0.5116353631019592,0.7982339859008789,0.5566563606262207,0.8300491571426392,0.47282683849334717,0.8150080442428589,0.44216790795326233,0.8133137822151184,0.48352551460266113,0.8148695230484009,0.5151752829551697
0.8098657131195068,0.6197264194488525,0.7610197067260742,0.5913485288619995,0.7290086150169373,0.5168183445930481,0.7237458229064941,0.4456765055656433,0.7142142653465271,0.3898489773273468,0.7248891592025757,0.49061819911003113,0.7020276784896851,0.44358307123184204,0.7203909158706665,0.4716762602329254,0.7383419871330261,0.5074901580810547,0.7591886520385742,0.476578027009964,0.7493992447853088,0.44314637780189514,0.7648094892501831,0.4998314082622528,0.7745193839073181,0.5465165376663208,0.7944161891937256,0.47186988592147827,0.785249650478363,0.4486178755760193,0.7940507531166077,0.5118833780288696,0.8002740740776062,0.5565553903579712,0.8294110298156738,0.4726964235305786,0.8158547878265381,0.4434599280357361,0.8159112930297852,0.48509761691093445,0.8179641366004944,0.5162238478660583
0.8139762878417969,0.6210021376609802,0.7636463642120361,0.590833842754364,0.7315738201141357,0.5176730751991272,0.7277998328208923,0.4468875229358673,0.7202038168907166,0.39182376861572266,0.7259635329246521,0.4938630759716034,0.7039130330085754,0.4458364248275757,0.7224428653717041,0.47197267413139343,0.7399858832359314,0.5070490837097168,0.7611002326011658,0.47920799255371094,0.7529659271240234,0.44354236125946045,0.7690750360488892,0.4996483623981476,0.7785486578941345,0.5469187498092651,0.7967116236686707,0.47361838817596436,0.7893443703651428,0.4477183222770691,0.797603964805603,0.5104396939277649,0.8023694157600403,0.555850088596344,0.8309950232505798,0.47390812635421753,0.8200075030326843,0.4437750577926636,0.8195728063583374,0.4840477406978607,0.8200991749763489,0.5149087309837341
0.8133748173713684,0.6222063899040222,0.764291524887085,0.5926592350006104,0.7323636412620544,0.5179347991943359,0.729296088218689,0.44588369131088257,0.7223654389381409,0.3907470703125,0.727693498134613,0.4932471215724945,0.7045587301254272,0.44453203678131104,0.7218894362449646,0.47130727767944336,0.7394677996635437,0.5064998865127563,0.7621442079544067,0.4787777066230774,0.7534099817276001,0.44345545768737793,0.7680580019950867,0.49981802701950073,0.7768434882164001,0.5465478897094727,0.7972861528396606,0.47363877296447754,0.7891038656234741,0.44760653376579285,0.7967856526374817,0.5108148455619812,0.801308274269104,0.5556778311729431,0.8317716121673584,0.4742109775543213,0.8202653527259827,0.4446631669998169,0.8192490935325623,0.485385537147522,0.819250226020813,0.5152779221534729
0.8118816614151001,0.6203771829605103,0.7624375224113464,0.5876819491386414,0.7321593761444092,0.5147182941436768,0.7298702597618103,0.44370710849761963,0.7236305475234985,0.38904792070388794,0.7281369566917419,0.4934692978858948,0.7047901153564453,0.4442603886127472,0.7213634848594666,0.4698130190372467,0.7388792634010315,0.5046463012695312,0.7626172304153442,0.47964945435523987,0.7541281580924988,0.4424288868904114,0.7680867314338684,0.4977174997329712,0.7768306136131287,0.5449339151382446,0.7978938221931458,0.4747300148010254,0.7898921966552734,0.44836941361427307,0.7968123555183411,0.5105952024459839,0.8011837601661682,0.5555761456489563,0.8325780630111694,0.4755982756614685,0.8211840987205505,0.444209486246109,0.8196683526039124,0.4841795265674591,0.8196933269500732,0.5150977969169617
0.8120622634887695,0.6207329630851746,0.7626038789749146,0.5896104574203491,0.7318317294120789,0.5152578949928284,0.7296043038368225,0.44338861107826233,0.7228834629058838,0.3878270387649536,0.7281789183616638,0.4925021827220917,0.7048220634460449,0.44338786602020264,0.7213625311851501,0.46880534291267395,0.7388301491737366,0.5040002465248108,0.7625511288642883,0.4781968593597412,0.7538812160491943,0.4421692490577698,0.767839789390564,0.49762171506881714,0.7765942811965942,0.5449668169021606,0.797737717628479,0.4731527864933014,0.7892773151397705,0.4477520287036896,0.796438455581665,0.5100903511047363,0.8013955950737,0.5552396178245544,0.8324096202850342,0.4739246368408203,0.8203572630882263,0.44369685649871826,0.8190632462501526,0.48406875133514404,0.8196636438369751,0.5148972272872925
0.8052932024002075,0.6208209991455078,0.7568650245666504,0.5851153135299683,0.7283018827438354,0.5122492909431458,0.7262665629386902,0.4434863030910492,0.7224069833755493,0.3882952928543091,0.7277966141700745,0.4886881113052368,0.7046240568161011,0.44264450669288635,0.7193388938903809,0.4686400890350342,0.7357596158981323,0.5036649107933044,0.7612156867980957,0.4768521189689636,0.7512580156326294,0.44207683205604553,0.7619572877883911,0.4967160224914551,0.7693197727203369,0.5434759855270386,0.7963840365409851,0.4739534258842468,0.786554753780365,0.4501935839653015,0.7910139560699463,0.5108605623245239,0.7945942282676697,0.5549601316452026,0.8322221040725708,0.4766526222229004,0.8186323642730713,0.44495436549186707,0.8146213293075562,0.4827536642551422,0.8133339881896973,0.5135189294815063
0.805598258972168,0.6222785711288452,0.7582518458366394,0.5862678289413452,0.7300471067428589,0.5140960216522217,0.7271373271942139,0.44562819600105286,0.7210276126861572,0.3899029791355133,0.7278433442115784,0.4900628626346588,0.704982578754425,0.44478967785835266,0.7195048928260803,0.4682890772819519,0.7360730171203613,0.5011491179466248,0.7610998153686523,0.47747406363487244,0.7511858344078064,0.4416394829750061,0.7618970274925232,0.4967602491378784,0.7697344422340393,0.5435228943824768,0.7961684465408325,0.47419673204421997,0.7855209112167358,0.44962912797927856,0.7905578017234802,0.5112064480781555,0.7957561016082764,0.5551267266273499,0.8317504525184631,0.47699302434921265,0.817068874835968,0.4447712004184723,0.8144728541374207,0.4833926260471344,0.815627932548523,0.5135214924812317
0.8044356107711792,0.6228935718536377,0.7575655579566956,0.5870887637138367,0.7297345399856567,0.5142683982849121,0.7274438142776489,0.4460803270339966,0.7220088243484497,0.3906342387199402,0.7270513772964478,0.4898020625114441,0.7051972150802612,0.44455936551094055,0.7189139127731323,0.4678272604942322,0.7348977327346802,0.5012832880020142,0.7606201171875,0.47742557525634766,0.7502986192703247,0.4417015314102173,0.7598250508308411,0.4971018433570862,0.767061173915863,0.5439213514328003,0.7961720824241638,0.47459354996681213,0.7847722172737122,0.44988197088241577,0.788816511631012,0.5116733908653259,0.7930591702461243,0.5559492707252502,0.8324241042137146,0.4778652787208557,0.8174076676368713,0.44527924060821533,0.8139230012893677,0.4834076464176178,0.8139393925666809,0.5132347345352173
0.8043326735496521,0.6227953433990479,0.7574306726455688,0.5870407819747925,0.7297306060791016,0.5143335461616516,0.7274613976478577,0.44570469856262207,0.7219398617744446,0.389932245016098,0.7268587946891785,0.489923894405365,0.7052031755447388,0.4441983103752136,0.7190418243408203,0.46729597449302673,0.7349309921264648,0.5007445812225342,0.7605645656585693,0.47752845287323,0.7504495978355408,0.4417547881603241,0.7599568367004395,0.4972468316555023,0.7670009732246399,0.5438529253005981,0.7962126731872559,0.47481992840766907,0.7847477197647095,0.4499600827693939,0.7888068556785583,0.511640191078186,0.7930452227592468,0.5556272268295288,0.8324937224388123,0.47825443744659424,0.8173918724060059,0.445779025554657,0.8139736652374268,0.48404785990715027,0.8140600323677063,0.5136961936950684
0.8021488785743713,0.626468300819397,0.7554335594177246,0.5886939764022827,0.7292540073394775,0.5130308270454407,0.7295731902122498,0.4438807964324951,0.7263733148574829,0.3880595564842224,0.7266128063201904,0.4872642457485199,0.7069610357284546,0.43945083022117615,0.719880223274231,0.4676838219165802,0.7340719699859619,0.5049149394035339,0.7610136866569519,0.4766311049461365,0.7514565587043762,0.441528856754303,0.7597556710243225,0.49902090430259705,0.7657124400138855,0.5465056300163269,0.796947181224823,0.4757244288921356,0.7848792672157288,0.45035967230796814,0.7880104780197144,0.5132532119750977,0.7915533781051636,0.5583239793777466,0.8337326049804688,0.48082131147384644,0.8175506591796875,0.44865304231643677,0.8132150173187256,0.4885294437408447,0.8124840259552002,0.519427478313446
0.8020104765892029,0.6272534728050232,0.754362940788269,0.5882768034934998,0.7281014919281006,0.5117431879043579,0.7289266586303711,0.4426741302013397,0.7276367545127869,0.38631507754325867,0.7273113131523132,0.48653703927993774,0.7070534825325012,0.4397130012512207,0.7199769020080566,0.4675488770008087,0.7344687581062317,0.504359781742096,0.7617068290710449,0.47608453035354614,0.752000093460083,0.44180062413215637,0.7604134678840637,0.49980807304382324,0.7666206359863281,0.5479972958564758,0.7974721789360046,0.47511792182922363,0.7855985760688782,0.45084142684936523,0.7884156107902527,0.5144485235214233,0.7919700145721436,0.5597226023674011,0.8338212966918945,0.4799145460128784,0.8176463842391968,0.44850948452949524,0.8131818771362305,0.48913317918777466,0.8129132390022278,0.520526647567749
0.8022199869155884,0.6288191080093384,0.754809558391571,0.5892693996429443,0.7284532189369202,0.5122075080871582,0.7287253141403198,0.44297048449516296,0.7270020246505737,0.3863307237625122,0.7271066904067993,0.48592016100883484,0.7074702978134155,0.4394338130950928,0.7202401757240295,0.4675953984260559,0.7342626452445984,0.5049454569816589,0.7615513801574707,0.4757477045059204,0.7515673637390137,0.4420330226421356,0.7599372863769531,0.5000719428062439,0.7661082744598389,0.5481914281845093,0.797508180141449,0.47512391209602356,0.7852556705474854,0.451388418674469,0.7881969809532166,0.5153636932373047,0.7917331457138062,0.5610679984092712,0.8339750170707703,0.48048657178878784,0.8175421357154846,0.44956254959106445,0.8130257725715637,0.49093061685562134,0.8125025033950806,0.5230529308319092
0.8023648262023926,0.6293773651123047,0.7545953392982483,0.5894777774810791,0.7280032634735107,0.5131558775901794,0.7286742329597473,0.4443599581718445,0.7273803949356079,0.3880722224712372,0.7276135087013245,0.48684045672416687,0.7075645923614502,0.4396871328353882,0.7202739715576172,0.46804335713386536,0.7344843149185181,0.5050539374351501,0.7620769143104553,0.47685134410858154,0.7518250346183777,0.44252708554267883,0.7598537802696228,0.5001941919326782,0.7659153342247009,0.5478456616401672,0.7980207204818726,0.47628355026245117,0.7855833172798157,0.4514530599117279,0.7883006930351257,0.5153048634529114,0.7917923331260681,0.5607060194015503,0.8345110416412354,0.4816511571407318,0.8181983828544617,0.45002394914627075,0.8135613799095154,0.4907439351081848,0.8131362795829773,0.5223190188407898
0.8023335933685303,0.6304219961166382,0.7550203800201416,0.5905548334121704,0.728526771068573,0.5141501426696777,0.7291049957275391,0.4451756775379181,0.7278293371200562,0.38854309916496277,0.727380633354187,0.4881690740585327,0.7076414227485657,0.441536009311676,0.7203391790390015,0.4685348868370056,0.7346445918083191,0.5047394037246704,0.7618243098258972,0.4780086874961853,0.7521050572395325,0.4428347945213318,0.7602405548095703,0.5008915066719055,0.7663608193397522,0.5489650964736938,0.7977800369262695,0.4772692620754242,0.7863063812255859,0.4517042338848114,0.7888444066047668,0.5159592628479004,0.7920330166816711,0.5617430210113525,0.8342083692550659,0.48266029357910156,0.8186541795730591,0.4507228136062622,0.8137276768684387,0.4917657971382141,0.8126592040061951,0.5237253308296204
0.8041591644287109,0.6311438083648682,0.7573880553245544,0.5891265869140625,0.7312811017036438,0.5132046341896057,0.731574535369873,0.4454566538333893,0.7314585447311401,0.3901445269584656,0.7311256527900696,0.48940309882164,0.7103613615036011,0.4431180953979492,0.7227906584739685,0.4692078232765198,0.7367663979530334,0.5047773718833923,0.7656382322311401,0.47981056571006775,0.7556366324424744,0.44412609934806824,0.7632830142974854,0.5012602210044861,0.7688280940055847,0.5489115118980408,0.8016558289527893,0.4794461131095886,0.7907124757766724,0.4545283317565918,0.7924108505249023,0.517183244228363,0.7948265075683594,0.5624176859855652,0.838108241558075,0.4851924777030945,0.8232652544975281,0.45236891508102417,0.8186978697776794,0.4919094145298004,0.8180535435676575,0.5232433676719666
0.8053953051567078,0.6313073635101318,0.7592962384223938,0.5913761258125305,0.7331728935241699,0.5154286026954651,0.7331647276878357,0.4462893307209015,0.7325888872146606,0.38962769508361816,0.7316606044769287,0.4882277548313141,0.7115848660469055,0.4425191283226013,0.7247032523155212,0.4700048863887787,0.738779604434967,0.506166934967041,0.7665615677833557,0.4784274101257324,0.7565222382545471,0.44438353180885315,0.7645238637924194,0.5021812915802002,0.7697859406471252,0.5501092076301575,0.8026965856552124,0.4781194031238556,0.7908801436424255,0.45459267497062683,0.7933710813522339,0.5180873870849609,0.7961006164550781,0.563621997833252,0.8392055034637451,0.48396143317222595,0.8237292766571045,0.4527376592159271,0.8193973898887634,0.49366918206214905,0.8186633586883545,0.525438129901886
0.8054752349853516,0.6310261487960815,0.7584996223449707,0.5903215408325195,0.7322990298271179,0.5137583017349243,0.7330456376075745,0.44481486082077026,0.7324830293655396,0.38848116993904114,0.7320203185081482,0.487923800945282,0.7117265462875366,0.4418087601661682,0.724966287612915,0.47023850679397583,0.7386488318443298,0.5071001052856445,0.7666669487953186,0.4780692756175995,0.756334125995636,0.44477730989456177,0.7643869519233704,0.5023168921470642,0.7696096301078796,0.550269365310669,0.8027030825614929,0.47757771611213684,0.7906576991081238,0.4542640149593353,0.7930513620376587,0.5179073810577393,0.7956072688102722,0.5636617541313171,0.8393042087554932,0.4830447733402252,0.8239346146583557,0.4524988830089569,0.8190107941627502,0.4935967028141022,0.8174877166748047,0.5256973505020142
0.8055744767189026,0.6310498118400574,0.7588751316070557,0.590022087097168,0.7327204942703247,0.5138069987297058,0.7332957983016968,0.4448908269405365,0.7328805923461914,0.3886328339576721,0.7325452566146851,0.4895063638687134,0.7117862105369568,0.4420049786567688,0.7244621515274048,0.46911460161209106,0.7381088733673096,0.5050939321517944,0.7670343518257141,0.47970277070999146,0.7569149136543274,0.44533056020736694,0.7645648121833801,0.5027386546134949,0.7698184847831726,0.5502347946166992,0.8029329180717468,0.4793004095554352,0.7911867499351501,0.45521268248558044,0.7929320931434631,0.5187063813209534,0.7951889634132385,0.563906192779541,0.8393496870994568,0.4849146008491516,0.8240775465965271,0.45366573333740234,0.8189090490341187,0.4944331645965576,0.8173571825027466,0.5261269807815552
0.8063558340072632,0.6305457353591919,0.7587507367134094,0.5893774032592773,0.7330832481384277,0.5129511952400208,0.7348810434341431,0.44425225257873535,0.7351626753807068,0.3884890377521515,0.7328623533248901,0.4884158968925476,0.713670015335083,0.4398858845233917,0.7253691554069519,0.4686696529388428,0.7382299900054932,0.5062726736068726,0.7673541307449341,0.4791812598705292,0.7568891048431396,0.44500237703323364,0.7641475796699524,0.5017905831336975,0.76969313621521,0.5489566326141357,0.8032748103141785,0.4789450168609619,0.7904174327850342,0.4542846083641052,0.7923288941383362,0.517270565032959,0.7952154278755188,0.5626556873321533,0.8397397398948669,0.48432791233062744,0.8233669996261597,0.45320868492126465,0.818189799785614,0.4942875802516937,0.8172374367713928,0.526242196559906
0.805507481098175,0.6305555701255798,0.7588256001472473,0.588441014289856,0.7336885929107666,0.5109087228775024,0.7359198331832886,0.442242830991745,0.7364763617515564,0.38570401072502136,0.7343392968177795,0.48431217670440674,0.7148399949073792,0.4368858337402344,0.7255701422691345,0.46829691529273987,0.7374486923217773,0.5069922804832458,0.768615186214447,0.47654518485069275,0.7570512294769287,0.4439084827899933,0.7628748416900635,0.5018667578697205,0.7674078941345215,0.5488455295562744,0.8044527769088745,0.4777012765407562,0.790377676486969,0.45364174246788025,0.7909430265426636,0.5174874663352966,0.7929283380508423,0.5631362795829773,0.8410152792930603,0.48421353101730347,0.8228100538253784,0.4533619284629822,0.8172473311424255,0.4951001703739166,0.816494882106781,0.5274105072021484
0.8033053278923035,0.632556676864624,0.7573124766349792,0.5855697989463806,0.7330878973007202,0.5081908702850342,0.7353547811508179,0.4413711428642273,0.7393313050270081,0.3861039876937866,0.7349852919578552,0.4837034344673157,0.7156642079353333,0.43842658400535583,0.7242063283920288,0.4664393365383148,0.7344395518302917,0.5028977990150452,0.7693442106246948,0.4760529100894928,0.7566227316856384,0.44339945912361145,0.7611663341522217,0.5000386238098145,0.7655185461044312,0.546941876411438,0.8055328130722046,0.47720658779144287,0.7901245355606079,0.4535585343837738,0.7894257307052612,0.5166677236557007,0.7905631065368652,0.5628307461738586,0.8420970439910889,0.4843495190143585,0.8236998915672302,0.45355185866355896,0.8172545433044434,0.4948919117450714,0.8156236410140991,0.5277623534202576
0.8029100298881531,0.6310192942619324,0.7588249444961548,0.5878251791000366,0.7337155342102051,0.5107934474945068,0.735741376876831,0.4431428015232086,0.7389557361602783,0.38654661178588867,0.7367907166481018,0.48113200068473816,0.7169998288154602,0.4358063340187073,0.7232789397239685,0.4640854001045227,0.7317584156990051,0.5005139112472534,0.7707434296607971,0.4733297824859619,0.7558513283729553,0.4414164423942566,0.7594497799873352,0.4998536705970764,0.7637237310409546,0.5468111038208008,0.8064938187599182,0.47478628158569336,0.7890998125076294,0.4522680640220642,0.7880935072898865,0.5176187753677368,0.7893669605255127,0.5636741518974304,0.8427128195762634,0.4821983277797699,0.8229641914367676,0.45244529843330383,0.8166832327842712,0.4949956238269806,0.8155406713485718,0.5274590849876404
0.80225670337677,0.633568525314331,0.7589641213417053,0.5834099650382996,0.7344304323196411,0.5073050260543823,0.7345840930938721,0.44238290190696716,0.7383346557617188,0.3866724371910095,0.743009090423584,0.47846996784210205,0.7224588990211487,0.43974652886390686,0.7188347578048706,0.462705135345459,0.7191452980041504,0.49326616525650024,0.7739397287368774,0.4724607765674591,0.7533530592918396,0.44376692175865173,0.7516828775405884,0.5013468265533447,0.7533010840415955,0.5480101108551025,0.8076412081718445,0.4748099744319916,0.7817685604095459,0.45738694071769714,0.7793702483177185,0.5214524865150452,0.7805009484291077,0.5670719146728516,0.8426514863967896,0.48314085602760315,0.8148598670959473,0.4581647217273712,0.8079878687858582,0.49970704317092896,0.8080124855041504,0.5315055251121521
0.8001098036766052,0.6315428018569946,0.7580534815788269,0.5841894745826721,0.7333188652992249,0.5083585381507874,0.7341363430023193,0.4423571228981018,0.7394107580184937,0.38579365611076355,0.7451454997062683,0.47311151027679443,0.7220218181610107,0.4371107220649719,0.7178159356117249,0.4638693630695343,0.7182484269142151,0.495820015668869,0.7751616835594177,0.46907055377960205,0.7520418167114258,0.44597992300987244,0.7491128444671631,0.5056129097938538,0.7505604028701782,0.5518215298652649,0.8078614473342896,0.47356921434402466,0.779043972492218,0.4566080868244171,0.7757790684700012,0.5207546949386597,0.7780516147613525,0.5659782886505127,0.8422144651412964,0.4836834669113159,0.8121883273124695,0.4582381248474121,0.8046514391899109,0.5000560283660889,0.8064847588539124,0.5324713587760925
0.7996155023574829,0.6335476636886597,0.7581931352615356,0.586258590221405,0.7330833077430725,0.5094335079193115,0.7331929802894592,0.44426488876342773,0.73907071352005,0.3881462812423706,0.745631754398346,0.4739723205566406,0.7230559587478638,0.4397791624069214,0.7171286940574646,0.46486249566078186,0.715876042842865,0.49563491344451904,0.7749671339988708,0.4695606529712677,0.7510902881622314,0.446959912776947,0.7484012246131897,0.5070265531539917,0.7498689889907837,0.5539788603782654,0.80730801820755,0.47371706366539,0.7771512866020203,0.4575650990009308,0.7751747965812683,0.5222281217575073,0.7783896327018738,0.5677964687347412,0.8414239287376404,0.48328128457069397,0.8104596734046936,0.457748144865036,0.8033463358879089,0.49830952286720276,0.8052921891212463,0.5300182104110718
0.798643171787262,0.6337711811065674,0.7570144534111023,0.5852243304252625,0.7336443662643433,0.5091968774795532,0.7347990870475769,0.4451596736907959,0.7403925657272339,0.3895353674888611,0.7462637424468994,0.47221165895462036,0.7225918173789978,0.4377995729446411,0.7170749306678772,0.4691186547279358,0.7159038186073303,0.5045164227485657,0.7752562761306763,0.4684121906757355,0.7506791353225708,0.4471524655818939,0.7456713318824768,0.5063786506652832,0.7454322576522827,0.5526326298713684,0.8070880770683289,0.47325778007507324,0.7759360074996948,0.459198534488678,0.771860659122467,0.5236380100250244,0.774203896522522,0.5690886974334717,0.840672492980957,0.4834761619567871,0.8092056512832642,0.4588797986507416,0.7999430298805237,0.49893033504486084,0.8005393147468567,0.5306837558746338
0.7960518002510071,0.6379987597465515,0.7536875605583191,0.591309130191803,0.72754967212677,0.5166234970092773,0.7243689298629761,0.45748305320739746,0.7274345755577087,0.40593987703323364,0.7463100552558899,0.47059381008148193,0.7267292141914368,0.4388560652732849,0.7180523872375488,0.4651697874069214,0.7139638066291809,0.496019184589386,0.7743377089500427,0.46574416756629944,0.7471386790275574,0.4478251338005066,0.7408990263938904,0.5086820125579834,0.741568922996521,0.5550355315208435,0.8049492835998535,0.4703795909881592,0.770452618598938,0.46148550510406494,0.7654913067817688,0.5269566178321838,0.7683036923408508,0.5716919302940369,0.8374258279800415,0.48231449723243713,0.8017274141311646,0.4637923538684845,0.7933080792427063,0.5064209699630737,0.7955138683319092,0.5380153059959412
0.7959825992584229,0.6391459703445435,0.7545341849327087,0.5898670554161072,0.7314680814743042,0.514506459236145,0.7309806942939758,0.45221394300460815,0.7349110245704651,0.3972185254096985,0.7480677366256714,0.47117313742637634,0.7234312891960144,0.4404963254928589,0.7136395573616028,0.4711093008518219,0.7091556787490845,0.506381630897522,0.77593994140625,0.46718519926071167,0.7465160489082336,0.4503447115421295,0.7403731346130371,0.5103665590286255,0.740554928779602,0.5567624568939209,0.8059831261634827,0.47218525409698486,0.7691986560821533,0.4628392159938812,0.7655114531517029,0.5285000801086426,0.7691171169281006,0.5740722417831421,0.8378987312316895,0.4835543632507324,0.8006542921066284,0.4648696482181549,0.7925063967704773,0.5063480734825134,0.7947219014167786,0.5377223491668701
0.7946273684501648,0.6393628120422363,0.7532046437263489,0.5896605849266052,0.729378342628479,0.5159470438957214,0.7278518676757812,0.4554849863052368,0.7325437068939209,0.40215328335762024,0.7475696206092834,0.4698708653450012,0.7245368957519531,0.4404151439666748,0.7150038480758667,0.4719799757003784,0.7105180025100708,0.5071519613265991,0.775313138961792,0.4655541181564331,0.7460787296295166,0.44888994097709656,0.7398523092269897,0.5086965560913086,0.7405380010604858,0.5548403263092041,0.8054835200309753,0.47058337926864624,0.7688061594963074,0.463140606880188,0.7645425200462341,0.5293102264404297,0.7679627537727356,0.5748032927513123,0.8372393846511841,0.48295706510543823,0.799327552318573,0.4662935137748718,0.7911050915718079,0.5095605850219727,0.7937321066856384,0.5416644811630249
0.7947786450386047,0.6400883197784424,0.7534180283546448,0.5890529155731201,0.7303133010864258,0.515231728553772,0.7292742729187012,0.45492804050445557,0.7329940795898438,0.40157103538513184,0.7473664283752441,0.46997708082199097,0.7223491072654724,0.4417026937007904,0.713523805141449,0.4737977981567383,0.7098127603530884,0.5098611116409302,0.775444746017456,0.4658127427101135,0.7453339099884033,0.4508361220359802,0.7394078969955444,0.5104374289512634,0.7403436303138733,0.5567318201065063,0.8057563304901123,0.4710812568664551,0.7685855627059937,0.4645799398422241,0.764722466468811,0.5298210382461548,0.7685660123825073,0.5752532482147217,0.8374825119972229,0.48377546668052673,0.7996533513069153,0.46677809953689575,0.7914844751358032,0.5083961486816406,0.7939642071723938,0.5398156046867371
